elec_load,elec_pay,type
6454.352,4392.187,低谷
6777.852,2471.883,低谷
6839.785,2494.47,低谷
6625.684,2416.387,低谷
6664.17,2430.423,低谷
6724.59,2452.458,低谷
6689.71,2439.737,低谷
7836.732,2858.056,低谷
10123.943,3692.202,平段
11497.093,7823.772,高峰
11952.754,13041.65,高峰
11001.187,12003.395,高峰
9524.399,10392.071,平段
11594.373,7889.971,平段
11843.34,8059.393,平段
12171.221,8282.516,平段
12469.041,8485.182,平段
12243.295,8331.562,平段
12188.242,8294.099,平段
11464.464,7801.568,高峰
11138.928,12153.684,高峰
10775.795,11757.469,高峰
10401.284,11348.841,平段
9105.177,6196.073,平段
3900.944,2654.592,低谷
4220.235,1539.12,低谷
4136.856,1508.711,低谷
3919.521,1429.449,低谷
3877.999,1414.306,低谷
4188.982,1527.722,低谷
4179.601,1524.3,低谷
5393.48,1967.002,低谷
9362.548,3414.521,平段
12269.205,8349.194,高峰
13065.512,14255.78,高峰
12168.367,13276.905,高峰
10264.272,11199.347,平段
12541.909,8534.769,平段
13105.034,8917.976,平段
13116.659,8925.886,平段
13267.427,9028.484,平段
12534.419,8529.672,平段
11918.473,8110.521,平段
11377.207,7742.189,高峰
11189.189,12208.525,高峰
10092.575,11012.008,高峰
9300.473,10147.746,平段
8294.926,5644.697,平段
2284.32,833.092,低谷
2213.339,807.205,低谷
2227.66,812.428,低谷
2195.089,800.549,低谷
1978.386,721.517,低谷
1112.934,405.887,低谷
951.112,346.871,低谷
1030.148,375.695,低谷
665.12,452.614,平段
685.623,748.083,高峰
701.716,765.642,高峰
709.346,773.967,高峰
794.73,540.814,平段
773.734,526.526,平段
1006.973,685.245,平段
869.103,591.424,平段
762.896,519.151,平段
1033.207,703.097,平段
794.576,540.709,平段
712.864,777.806,高峰
681.093,743.141,高峰
649.588,708.766,高峰
643.457,437.873,平段
640.277,435.709,平段
3087.511,1126.015,低谷
3308.087,1206.459,低谷
3248.676,1184.792,低谷
3103.76,1131.941,低谷
3059.92,1115.953,低谷
3281.08,1196.61,低谷
3249.281,1185.013,低谷
4780.648,1743.502,低谷
8401.331,5717.106,平段
11605.523,12662.786,高峰
12161.561,13269.48,高峰
11489.484,12536.176,高峰
10112.75,6881.726,平段
11811.316,8037.601,平段
11629.996,7914.212,平段
11668.462,7940.388,平段
12007.447,8171.067,平段
11574.163,7876.218,平段
11625.599,7911.22,平段
11262.184,12288.169,高峰
11203.038,12223.635,高峰
9809.002,10702.602,高峰
9451.872,6431.999,平段
7852.998,5343.965,平段
6239.561,2275.568,低谷
6534.276,2383.05,低谷
6428.26,2344.387,低谷
6222.324,2269.281,低谷
6147.546,2242.01,低谷
6157.729,2245.724,低谷
6078.349,2216.774,低谷
6777.377,2471.71,低谷
8990.889,6118.3,平段
10164.455,11090.436,高峰
10620.448,11587.971,高峰
9881.253,10781.436,高峰
8820.451,6002.317,平段
9776.241,6652.732,平段
10385.155,7067.098,平段
10029.917,6825.359,平段
9820.127,6682.596,平段
9335.752,6352.979,平段
8901.12,6057.212,平段
8003.081,8732.162,高峰
7911.705,8632.462,高峰
7375.828,8047.766,高峰
6873.781,4677.608,平段
5884.509,4004.409,平段
1413.178,515.386,低谷
1462.903,533.521,低谷
1487.303,542.419,低谷
1364.288,497.556,低谷
1439.261,524.899,低谷
1471.84,536.78,低谷
1460.223,532.543,低谷
1695.763,618.445,低谷
3957.502,2693.08,平段
6196.336,6760.822,高峰
7335.243,8003.483,高峰
7556.609,8245.016,高峰
7035.952,4787.965,平段
7578.96,5157.483,平段
7965.701,5420.66,平段
7438.041,5061.587,平段
6584.592,4480.815,平段
6139.991,4178.264,平段
5696.883,3876.729,平段
5487.915,5987.864,高峰
5337.982,5824.272,高峰
4755.183,5188.38,高峰
4138.981,2816.577,平段
3090.246,2102.912,平段
6566.68,4468.626,低谷
6514.176,2375.72,低谷
6140.472,2239.43,低谷
5651.535,2061.115,低谷
5475.287,1996.837,低谷
5483.111,1999.69,低谷
5623.652,2050.946,低谷
6420.061,2341.396,低谷
8087.827,2949.63,平段
9426.869,6414.984,高峰
10135.738,11059.104,高峰
9824.663,10719.689,高峰
8191.099,8937.309,平段
9707.621,6606.036,平段
9925.937,6754.6,平段
9247.616,6293.003,平段
9832.217,6690.824,平段
9557.935,6504.175,平段
9907.5,6742.054,平段
9911.127,6744.522,高峰
9770.036,10660.086,高峰
9385.196,10240.187,高峰
8841.62,9647.092,平段
7573.993,5154.102,平段
5427.865,1979.542,低谷
5557.355,2026.767,低谷
5481.475,1999.094,低谷
5359.662,1954.669,低谷
5203.836,1897.839,低谷
5469.092,1994.578,低谷
5480.151,1998.611,低谷
6706.593,2445.895,低谷
9475.545,6448.109,平段
11281.484,12309.227,高峰
11428.347,12469.469,高峰
10292.497,11230.144,高峰
8602.864,5854.249,平段
10772.313,7330.559,平段
11092.263,7548.285,平段
11337.295,7715.029,平段
11541.704,7854.13,平段
11130.909,7574.584,平段
11153.08,7589.671,平段
10996.176,11997.928,高峰
10764.264,11744.888,高峰
9430.865,10290.017,高峰
8878.881,6042.079,平段
7650.172,5205.942,平段
2667.651,972.892,低谷
2774.38,1011.816,低谷
2712.59,989.281,低谷
2655.115,968.32,低谷
2654.603,968.134,低谷
2691.755,981.683,低谷
2686.255,979.677,低谷
3176.806,1158.581,低谷
5935.98,4039.434,平段
8421.805,9189.031,高峰
8964.078,9780.705,高峰
8581.751,9363.548,高峰
8199.8,5579.964,平段
8824.673,6005.19,平段
8911.703,6064.414,平段
8669.656,5899.701,平段
8297.36,5646.353,平段
8095.34,5508.879,平段
7351.068,5002.402,平段
6424.681,7009.97,高峰
6292.24,6865.463,高峰
5537.052,6041.477,高峰
4751.973,3233.717,平段
3589.133,2442.405,平段
6942.467,4724.349,低谷
6997.808,2552.101,低谷
6941.456,2531.549,低谷
6761.413,2465.887,低谷
6760.006,2465.374,低谷
7069.623,2578.291,低谷
6906.079,2518.647,低谷
8110.13,2957.764,低谷
10369.407,3781.723,平段
11897.409,8096.187,高峰
12055.994,13154.295,高峰
11273.673,12300.705,高峰
9875.801,10775.487,平段
12189.511,8294.962,平段
12291.267,8364.207,平段
12012.051,8174.201,平段
11973.495,8147.963,平段
11375.185,7740.814,平段
11137.543,7579.098,平段
10649.232,7246.802,高峰
10684.899,11658.293,高峰
9927.462,10831.854,高峰
9482.101,10345.92,平段
8310.093,5655.019,平段
6508.052,4428.729,低谷
6319.165,2304.6,低谷
6356.736,2318.302,低谷
6372.017,2323.875,低谷
6252.305,2280.216,低谷
6155.445,2244.891,低谷
6128.479,2235.056,低谷
6853.376,2499.426,低谷
9053.334,3301.751,平段
10474.361,7127.803,高峰
10652.548,11622.995,高峰
10022.829,10935.909,高峰
8993.269,9812.556,平段
10802.852,7351.341,平段
11062.092,7527.754,平段
10422.343,7092.404,平段
10980.942,7472.531,平段
10372.666,7058.599,平段
10404.015,7079.932,平段
10587.95,7205.1,高峰
10455.03,11407.483,高峰
9741.147,10628.565,高峰
9058.32,9883.533,平段
8051.673,5479.164,平段
5632.02,2053.998,低谷
5884.387,2146.036,低谷
5953.374,2171.195,低谷
5632.835,2054.295,低谷
5584.965,2036.837,低谷
5796.395,2113.945,低谷
5725.396,2088.052,低谷
7323.86,2671.012,低谷
10173.04,6922.754,平段
12151.331,13258.317,高峰
12452.621,13587.055,高峰
11515.813,12564.903,高峰
10505.808,7149.202,平段
12194.973,8298.679,平段
12359.912,8410.92,平段
12597.566,8572.644,平段
12792.792,8705.495,平段
12145.057,8264.712,平段
11556.064,7863.902,平段
11000.513,12002.66,高峰
10736.719,11714.834,高峰
10076.072,10994.002,高峰
9717.823,6612.978,平段
8247.673,5612.542,平段
6177.217,2252.831,低谷
6596.678,2405.809,低谷
6584.211,2401.262,低谷
6267.956,2285.924,低谷
6234.484,2273.716,低谷
6446.344,2350.982,低谷
6652.432,2426.142,低谷
7976.32,2908.964,低谷
10513.505,7154.44,平段
11979.847,13071.211,高峰
12550.474,13693.822,高峰
11954.433,13043.482,高峰
10544.751,7175.703,平段
12529.693,8526.456,平段
12359.256,8410.474,平段
10149.088,6906.454,平段
7122.583,4846.918,平段
7040.289,4790.917,平段
6508.669,4429.149,平段
4811.263,5249.57,高峰
4625.734,5047.138,高峰
4506.261,4916.782,高峰
4403.884,2996.843,平段
4069.449,2769.26,平段
5181.871,1889.828,低谷
5265.259,1920.24,低谷
5293.323,1930.475,低谷
5052.425,1842.62,低谷
4977.238,1815.199,低谷
5241.123,1911.438,低谷
5190.308,1892.905,低谷
6733.254,2455.618,低谷
9765.009,6645.089,平段
11231.181,12254.342,高峰
11562.548,12615.896,高峰
11046.473,12052.807,高峰
9867.544,6714.864,平段
11526.249,7843.612,平段
11439.142,7784.336,平段
9972.657,6786.393,平段
6536.155,4447.853,平段
6357.429,4326.23,平段
6150.394,4185.343,平段
4728.824,5159.62,高峰
4400.212,4801.071,高峰
4006.257,4371.227,高峰
3797.383,2584.119,平段
3572.611,2431.162,平段
5990.067,2184.577,低谷
6193.564,2258.793,低谷
5855.44,2135.479,低谷
5654.898,2062.341,低谷
5682.716,2072.487,低谷
5833.483,2127.471,低谷
5726.343,2088.397,低谷
7359.177,2683.892,低谷
10380.051,7063.625,平段
11957.227,13046.53,高峰
12271.969,13389.946,高峰
10625.356,11593.326,高峰
9175.061,6243.629,平段
11052.045,7520.917,平段
11665.064,7938.076,平段
11252.357,7657.229,平段
11790.863,8023.683,平段
11464.808,7801.802,平段
11076.632,7537.648,平段
10142.231,11066.188,高峰
10098.746,11018.742,高峰
9455.467,10316.86,高峰
9173.491,6242.56,平段
8068.503,5490.616,平段
6178.088,2253.149,低谷
6411.676,2338.338,低谷
6458.896,2355.559,低谷
6145.665,2241.324,低谷
6182.001,2254.576,低谷
6306.297,2299.906,低谷
6322.155,2305.69,低谷
7541.851,2750.513,低谷
9850.754,6703.438,平段
11224.717,12247.289,高峰
11967.516,13057.757,高峰
11514.66,12563.645,高峰
10464.279,7120.942,平段
12556.631,8544.787,平段
11494.213,7821.812,平段
9825.95,6686.559,平段
10745.067,7312.018,平段
11211.595,7629.49,平段
10982.105,7473.323,平段
10754.067,11733.762,高峰
10730.916,11708.502,高峰
9763.536,10652.994,高峰
9302.683,6330.476,平段
7869.685,5355.321,平段
5254.748,1916.407,低谷
5377.499,1961.174,低谷
5410.967,1973.38,低谷
5408.542,1972.495,低谷
5191.393,1893.301,低谷
5409.34,1972.786,低谷
4924.148,1795.837,低谷
6540.943,2385.482,低谷
8765.468,5964.901,平段
10787.976,11770.761,高峰
11279.333,12306.88,高峰
10646.811,11616.736,高峰
9207.348,6265.6,平段
10876.367,7401.368,平段
11104.114,7556.35,平段
11007.803,7490.81,平段
11356.161,7727.868,平段
10984.069,7474.659,平段
10653.991,7250.041,平段
9944.929,10850.912,高峰
10040.889,10955.614,高峰
9049.823,9874.262,高峰
8941.943,6084.992,平段
7713.305,5248.904,平段
6914.148,4705.078,低谷
7171.761,2615.541,低谷
6957.12,2537.262,低谷
6614.329,2412.246,低谷
6655.436,2427.238,低谷
6736.563,2456.824,低谷
6765.006,2467.198,低谷
8148.652,2971.813,低谷
10404.08,3794.368,平段
11975.208,8149.129,高峰
12554.487,13698.2,高峰
11882.28,12964.756,高峰
10388.407,11334.791,平段
12472.169,8487.311,平段
12459.924,8478.978,平段
12154.123,8270.88,平段
12312.401,8378.589,平段
11927.375,8116.579,平段
11943.591,8127.613,平段
11159.813,7594.253,高峰
10648.387,11618.455,高峰
9828.431,10723.801,高峰
9645.835,10524.57,平段
8500.773,5784.776,平段
6490.509,4416.792,低谷
6880.499,2509.318,低谷
6583.828,2401.122,低谷
6296.243,2296.24,低谷
6097.911,2223.908,低谷
6380.541,2326.983,低谷
6322.572,2305.842,低谷
7312.479,2666.861,低谷
9367.993,3416.507,平段
10972.189,7466.575,高峰
11498.376,12545.878,高峰
10505.264,11462.294,高峰
9072.137,9898.609,平段
11061.98,7527.677,平段
11305.701,7693.53,平段
11195.019,7618.21,平段
11138.86,7579.994,平段
10293.947,7005.031,平段
10288.399,7001.255,平段
11024.808,7502.382,高峰
10875.079,11865.799,高峰
9638.515,10516.583,高峰
8624.763,9410.479,平段
7969.747,5423.413,平段
3697.089,1348.328,低谷
3712.305,1353.877,低谷
3600.607,1313.141,低谷
3461.965,1262.579,低谷
3422.624,1248.231,低谷
3443.829,1255.965,低谷
3370.035,1229.052,低谷
3109.664,1134.094,低谷
4744.751,3228.803,平段
6145.761,6705.64,高峰
6865.988,7491.48,高峰
6891.628,7519.455,高峰
6783.316,4616.047,平段
6923.891,4711.708,平段
7161.824,4873.621,平段
7169.216,4878.651,平段
6976.197,4747.302,平段
6763.007,4602.226,平段
6702.084,4560.768,平段
6553.908,7150.969,高峰
6456.507,7044.694,高峰
6260.689,6831.038,高峰
5970.525,4062.942,平段
4132.277,2812.015,平段
5192.058,1893.544,低谷
5232.375,1908.247,低谷
5198.666,1895.954,低谷
5106.961,1862.509,低谷
5044.517,1839.735,低谷
5275.804,1924.086,低谷
5296.824,1931.752,低谷
6877.806,2508.336,低谷
9716.5,6612.079,平段
11675.111,12738.713,高峰
12198.645,13309.942,高峰
11224.298,12246.832,高峰
9969.881,6784.504,平段
11620.3,7907.614,平段
10790.485,7342.925,平段
9891.285,6731.02,平段
10177.527,6925.807,平段
10881.887,7405.124,平段
10967.994,7463.72,平段
11102.579,12114.024,高峰
11232.796,12256.104,高峰
10057.115,10973.318,高峰
9527.713,6483.609,平段
7872.306,5357.104,平段
5169.545,3517.876,低谷
5302.363,1933.772,低谷
5363.089,1955.919,低谷
5253.936,1916.11,低谷
5144.975,1876.372,低谷
5298.517,1932.369,低谷
5284.083,1927.105,低谷
6109.185,2228.02,低谷
8722.008,3180.916,平段
10407.799,7082.507,高峰
10636.636,11605.634,高峰
10192.562,11121.105,高峰
8532.84,9310.182,平段
9931.361,6758.291,平段
9709.005,6606.978,平段
8237.124,5605.363,平段
5651.843,3846.079,平段
5050.385,3436.787,平段
4822.802,3281.916,平段
3988.224,2713.986,高峰
3652.147,3984.857,高峰
3576.567,3902.392,高峰
3507.049,3826.542,平段
3226.885,2195.895,平段
5676.86,2070.351,低谷
5948.308,2169.348,低谷
5891.365,2148.581,低谷
5588.183,2038.01,低谷
5477.299,1997.571,低谷
5735.589,2091.769,低谷
5692.089,2075.905,低谷
7194.524,2623.843,低谷
9629.409,6552.813,平段
10994.6,11996.208,高峰
11603.192,12660.243,高峰
10713.196,11689.169,高峰
9170.029,6240.205,平段
11105.545,7557.324,平段
11406.623,7762.207,平段
11674.439,7944.456,平段
12062.071,8208.239,平段
11546.459,7857.365,平段
11338.564,7715.893,平段
7876.381,8593.92,高峰
6200.568,6765.44,高峰
5157.336,5627.169,高峰
5200.465,3538.917,平段
6043.289,4112.458,平段
6468.628,2359.109,低谷
6865.683,2503.915,低谷
6737.611,2457.207,低谷
6684.83,2437.957,低谷
6455.863,2354.453,低谷
6756.585,2464.127,低谷
6683.293,2437.397,低谷
7612.345,2776.222,低谷
10063.972,6848.533,平段
11636.46,12696.542,高峰
11682.796,12747.099,高峰
10523.428,11482.112,高峰
9417.214,6408.414,平段
11261.555,7663.488,平段
11540.535,7853.334,平段
11351.853,7724.936,平段
11422.595,7773.076,平段
10827.591,7368.175,平段
10643.648,7243.003,平段
10289.694,11227.085,高峰
10153.077,11078.023,高峰
9793.679,10685.883,高峰
9601.644,6533.919,平段
7991.961,5438.53,平段
3910.758,1426.253,低谷
4032.013,1470.475,低谷
3984.376,1453.102,低谷
3711.983,1353.76,低谷
3631.085,1324.257,低谷
3762.616,1372.226,低谷
3857.376,1406.785,低谷
5296.365,1931.584,低谷
8354.024,5684.913,平段
10591.196,11556.054,高峰
11036.676,12042.117,高峰
10211.912,11142.217,高峰
8423.199,5731.987,平段
10136.248,6897.717,平段
10736.641,7306.284,平段
11142.853,7582.712,平段
11252.011,7656.993,平段
11171.452,7602.173,平段
10643.58,7242.956,平段
9501.657,10367.258,高峰
9052.071,9876.714,高峰
8242.517,8993.411,高峰
7848.515,5340.914,平段
6488.741,4415.588,平段
6246.191,4250.533,低谷
6422.685,2342.353,低谷
6354.899,2317.632,低谷
6067.545,2212.834,低谷
6218.465,2267.874,低谷
6364.639,2321.184,低谷
6341.835,2312.867,低谷
7427.997,2708.991,低谷
10078.795,3675.736,平段
11811.425,8037.675,高峰
12177.1,13286.434,高峰
11168.829,12186.31,高峰
9874.69,10774.274,平段
11949.846,8131.87,平段
12291.328,8364.249,平段
10739.433,7308.184,平段
7296.105,4965.0,平段
6933.899,4718.518,平段
6533.107,4445.779,平段
4954.347,3371.433,高峰
4395.989,4796.464,高峰
4331.4,4725.991,高峰
4386.773,4786.408,平段
4111.878,2798.133,平段
2284.724,1554.755,低谷
2437.25,888.865,低谷
2458.502,896.616,低谷
2346.505,855.77,低谷
2382.875,869.034,低谷
2470.597,901.027,低谷
2601.656,948.824,低谷
4820.42,1758.007,低谷
8251.707,3009.398,平段
11201.182,7622.404,高峰
11801.106,12876.187,高峰
10760.041,11740.281,高峰
9338.584,10189.329,平段
11249.916,7655.568,平段
11740.763,7989.589,平段
11503.785,7828.326,平段
12018.921,8178.876,平段
11576.555,7877.845,平段
11162.597,7596.147,平段
10365.333,7053.609,高峰
9780.129,10671.098,高峰
9767.103,10656.886,高峰
9707.941,10592.335,平段
8392.328,5710.979,平段
5361.787,1955.444,低谷
5347.912,1950.383,低谷
5362.136,1955.571,低谷
5242.955,1912.106,低谷
5145.671,1876.626,低谷
5187.089,1891.731,低谷
5271.206,1922.409,低谷
6619.673,2414.195,低谷
9034.743,6148.142,平段
9963.924,10871.637,高峰
9985.951,10895.671,高峰
9050.896,9875.433,高峰
7855.987,5345.999,平段
9375.051,6379.722,平段
9468.644,6443.413,平段
9558.638,6504.653,平段
9966.144,6781.961,平段
10364.544,7053.072,平段
10234.952,6964.885,平段
8937.833,9752.07,高峰
8959.463,9775.67,高峰
8564.255,9344.458,高峰
8522.648,5799.662,平段
7414.281,5045.418,平段
3029.311,2061.446,低谷
3256.088,1187.495,低谷
3389.66,1236.209,低谷
3189.661,1163.269,低谷
3285.597,1198.257,低谷
3434.425,1252.535,低谷
3482.74,1270.155,低谷
4661.103,1699.904,低谷
8011.931,2921.951,平段
10507.373,7150.268,高峰
11185.984,12205.027,高峰
10550.791,11511.968,高峰
9224.545,10064.901,平段
10996.305,7482.985,平段
10913.115,7426.375,平段
10832.275,7371.363,平段
11051.965,7520.862,平段
10728.913,7301.026,平段
10703.554,7283.768,平段
10575.996,7196.965,高峰
10051.804,10967.523,高峰
9261.518,10105.242,高峰
9104.793,9934.24,平段
8089.677,5505.025,平段
6413.211,4364.19,低谷
6570.965,2396.431,低谷
6570.493,2396.259,低谷
6337.083,2311.134,低谷
6422.098,2342.139,低谷
6522.513,2378.76,低谷
6521.283,2378.312,低谷
7564.367,2758.725,低谷
9947.46,3627.839,平段
11196.749,7619.388,高峰
11507.046,12555.338,高峰
11196.344,12216.331,高峰
9669.336,10550.213,平段
11564.309,7869.513,平段
10889.751,7410.475,平段
10178.537,6926.495,平段
10303.297,7011.394,平段
10647.575,7245.675,平段
10879.0,7403.16,平段
10870.216,7397.182,高峰
10921.558,11916.512,高峰
10153.072,11078.016,高峰
9914.12,10817.296,平段
8694.565,5916.652,平段
5349.936,1951.122,低谷
5659.903,2064.167,低谷
5643.019,2058.009,低谷
5268.719,1921.502,低谷
5307.279,1935.565,低谷
5704.964,2080.6,低谷
5579.659,2034.901,低谷
7161.331,2611.737,低谷
10263.7,6984.448,平段
11971.832,13062.466,高峰
12397.092,13526.467,高峰
11846.523,12925.742,高峰
10500.889,7145.855,平段
12520.757,8520.375,平段
12912.624,8787.041,平段
12835.394,8734.486,平段
12836.281,8735.089,平段
11822.745,8045.378,平段
11540.134,7853.061,平段
10952.957,11950.771,高峰
10633.174,11601.857,高峰
10223.724,11155.106,高峰
9667.231,6578.55,平段
8271.596,5628.821,平段
6794.141,4623.413,低谷
6527.103,2380.435,低谷
6493.974,2368.352,低谷
6369.104,2322.812,低谷
6291.063,2294.351,低谷
6345.972,2314.376,低谷
6371.882,2323.826,低谷
7352.784,2681.56,低谷
10009.106,3650.321,平段
11468.253,7804.146,高峰
11636.936,12697.061,高峰
10887.729,11879.601,高峰
9501.087,10366.636,平段
11212.321,7629.985,平段
11383.806,7746.68,平段
11087.867,7545.293,平段
11391.032,7751.597,平段
10767.923,7327.571,平段
10968.436,7464.021,平段
11079.881,7539.859,高峰
10967.567,11966.712,高峰
10194.764,11123.507,高峰
9394.619,10250.468,平段
8548.828,5817.477,平段
2448.411,892.935,低谷
2461.959,897.876,低谷
2462.283,897.994,低谷
2363.048,861.804,低谷
2395.332,873.578,低谷
2401.56,875.849,低谷
2406.733,877.735,低谷
2837.993,1035.016,低谷
5621.983,3825.759,平段
7651.193,8348.216,高峰
7943.403,8667.047,高峰
7801.694,8512.428,高峰
7215.215,4909.954,平段
8066.753,5489.426,平段
8501.788,5785.467,平段
8461.488,5758.042,平段
8250.669,5614.58,平段
8111.743,5520.041,平段
7450.829,5070.289,平段
6935.673,7567.513,高峰
6383.115,6964.616,高峰
6020.675,6569.159,高峰
5347.206,3638.774,平段
3709.871,2524.567,平段
6514.055,2375.676,低谷
6651.228,2425.703,低谷
6533.258,2382.679,低谷
6203.172,2262.297,低谷
6351.965,2316.562,低谷
6437.856,2347.886,低谷
6427.986,2344.287,低谷
7524.392,2744.146,低谷
9819.335,6682.058,平段
11010.199,12013.228,高峰
11621.355,12680.06,高峰
10890.132,11882.223,高峰
9860.052,6709.765,平段
11793.916,8025.76,平段
12492.308,8501.016,平段
12401.517,8439.233,平段
12352.94,8406.176,平段
11436.095,7782.262,平段
11490.916,7819.568,平段
11228.387,12251.293,高峰
11339.763,12372.815,高峰
10343.796,11286.116,高峰
9894.58,6733.262,平段
8334.639,5671.722,平段
3475.393,1267.476,低谷
3643.035,1328.615,低谷
3606.924,1315.445,低谷
3415.924,1245.788,低谷
3317.212,1209.787,低谷
3616.315,1318.87,低谷
3549.747,1294.593,低谷
4715.643,1719.795,低谷
7568.628,5150.451,平段
9550.461,10420.508,高峰
9969.683,10877.921,高峰
9328.061,10177.848,高峰
8150.593,5546.479,平段
10118.596,6885.705,平段
9981.407,6792.347,平段
9861.936,6711.048,平段
10298.739,7008.292,平段
10123.167,6888.815,平段
10066.139,6850.007,平段
9402.785,10259.379,高峰
9114.091,9944.384,高峰
8341.75,9101.683,高峰
7976.288,5427.864,平段
7016.099,4774.455,平段
706.861,257.792,低谷
669.093,244.018,低谷
621.136,226.528,低谷
613.4,223.707,低谷
623.375,227.345,低谷
607.977,221.729,低谷
613.499,223.743,低谷
699.139,254.976,低谷
1050.896,715.135,平段
1025.528,1118.953,高峰
966.545,1054.597,高峰
1082.216,1180.806,高峰
954.904,649.812,平段
980.348,667.127,平段
1140.508,776.116,平段
1244.219,846.691,平段
1324.763,901.501,平段
1198.379,815.497,平段
1021.604,695.202,平段
855.756,933.715,高峰
851.064,928.596,高峰
816.625,891.02,高峰
825.01,561.419,平段
796.277,541.867,平段
3814.097,1391.001,低谷
3758.033,1370.555,低谷
3751.647,1368.226,低谷
3689.84,1345.685,低谷
3586.943,1308.158,低谷
3622.277,1321.044,低谷
3764.867,1373.047,低谷
4488.521,1636.964,低谷
7230.015,4920.025,平段
8342.799,9102.828,高峰
8496.948,9271.02,高峰
8421.139,9188.305,高峰
8297.24,5646.272,平段
9286.137,6319.216,平段
9219.128,6273.617,平段
8867.552,6034.369,平段
9509.867,6471.465,平段
9769.842,6648.378,平段
8629.151,5872.137,平段
8429.081,9196.97,高峰
8665.735,9455.183,高峰
8517.791,9293.761,高峰
8548.88,5817.513,平段
7509.757,5110.39,平段
6664.072,4534.901,低谷
6729.576,2454.276,低谷
6776.232,2471.292,低谷
6627.644,2417.102,低谷
6473.433,2360.861,低谷
6685.203,2438.093,低谷
6750.953,2462.072,低谷
7761.988,2830.797,低谷
10306.798,3758.889,平段
11582.937,7882.189,高峰
12117.087,13220.953,高峰
11399.647,12438.155,高峰
10294.923,11232.79,平段
12293.241,8365.551,平段
12471.94,8487.155,平段
12634.294,8597.637,平段
13141.527,8942.809,平段
12590.881,8568.095,平段
12672.084,8623.353,平段
11933.072,8120.455,高峰
11681.599,12745.793,高峰
10997.511,11999.384,高峰
10497.034,11453.314,平段
8863.707,6031.752,平段
6621.952,4506.239,低谷
6750.805,2462.019,低谷
6774.055,2470.498,低谷
6489.567,2366.745,低谷
6531.24,2381.943,低谷
6621.473,2414.851,低谷
6591.639,2403.971,低谷
7936.335,2894.381,低谷
10243.943,3735.966,平段
10717.951,7293.566,高峰
11387.575,12424.983,高峰
11785.985,12859.688,高峰
6976.173,7611.702,平段
13943.953,9488.86,平段
11803.257,8032.116,平段
11645.578,7924.816,平段
11888.837,8090.353,平段
11632.971,7916.237,平段
11848.099,8062.631,平段
11787.933,8021.689,高峰
11512.935,12561.763,高峰
10130.959,11053.889,高峰
9545.277,10414.852,平段
8267.506,5626.038,平段
3795.009,2582.504,低谷
3768.801,1374.482,低谷
3703.269,1350.582,低谷
3528.967,1287.014,低谷
3436.389,1253.251,低谷
3598.205,1312.265,低谷
3477.131,1268.11,低谷
2831.472,1032.638,低谷
2474.321,902.385,平段
2347.46,1597.446,高峰
2352.47,2566.78,高峰
2318.565,2529.787,高峰
2266.111,2472.553,平段
2333.731,1588.104,平段
2372.833,1614.713,平段
2352.779,1601.066,平段
2366.054,1610.1,平段
2264.116,1540.731,平段
2016.541,1372.256,平段
2181.77,1484.694,高峰
2328.958,2541.126,高峰
2353.46,2567.86,高峰
2322.876,2534.49,平段
2306.563,1569.616,平段
4647.223,1694.842,低谷
5077.105,1851.62,低谷
5336.22,1946.119,低谷
5194.225,1894.334,低谷
4976.873,1815.066,低谷
5119.991,1867.261,低谷
5199.366,1896.209,低谷
6375.504,2325.146,低谷
8906.395,6060.802,平段
10780.107,11762.174,高峰
11255.353,12280.715,高峰
10626.038,11594.07,高峰
9603.839,6535.412,平段
11173.403,7603.5,平段
11143.92,7583.438,平段
11056.457,7523.919,平段
11400.509,7758.047,平段
10949.581,7451.19,平段
10698.075,7280.04,平段
10364.511,11308.718,高峰
10305.98,11244.855,高峰
9507.387,10373.51,高峰
9195.408,6257.475,平段
7963.927,5419.452,平段
827.472,301.779,低谷
793.855,289.519,低谷
791.38,288.616,低谷
767.345,279.851,低谷
789.136,287.798,低谷
772.941,281.892,低谷
816.409,297.744,低谷
1151.189,419.839,低谷
2099.421,1428.656,平段
2433.026,2654.675,高峰
2389.656,2607.354,高峰
2047.149,2233.645,高峰
1816.291,1235.986,平段
2119.952,1442.627,平段
2261.507,1538.956,平段
2188.487,1489.265,平段
2151.994,1464.432,平段
2175.409,1480.366,平段
1899.929,1292.902,平段
1550.609,1691.87,高峰
1535.863,1675.78,高峰
1524.923,1663.843,高峰
1526.459,1038.755,平段
1434.268,976.02,平段
5784.283,2109.528,低谷
5790.951,2111.96,低谷
5653.791,2061.937,低谷
5449.755,1987.526,低谷
5222.272,1904.563,低谷
5540.044,2020.454,低谷
5465.179,1993.151,低谷
6964.523,2539.961,低谷
10137.104,6898.299,平段
11936.42,13023.828,高峰
12324.0,13446.716,高峰
11629.981,12689.472,高峰
10358.854,7049.2,平段
12374.289,8420.704,平段
12642.235,8603.041,平段
12584.548,8563.785,平段
12961.811,8820.512,平段
11805.976,8033.967,平段
11170.104,7601.256,平段
11027.666,12032.287,高峰
11020.35,12024.303,高峰
9750.829,10639.13,高峰
8985.447,6114.596,平段
7691.923,5234.353,平段
6004.009,4085.728,低谷
5995.248,2186.467,低谷
6084.529,2219.028,低谷
5763.736,2102.034,低谷
5767.768,2103.505,低谷
5951.9,2170.658,低谷
6019.655,2195.368,低谷
6845.317,2496.487,低谷
9157.27,3339.656,平段
10285.651,6999.385,高峰
10477.756,11432.28,高峰
9833.5,10729.332,高峰
8415.686,9182.355,平段
10063.026,6847.889,平段
10631.02,7234.409,平段
10500.631,7145.679,平段
11132.176,7575.446,平段
9944.48,6767.219,平段
9977.757,6789.864,平段
10267.208,6986.835,高峰
10041.489,10956.269,高峰
9014.76,9836.005,高峰
8588.135,9370.514,平段
7775.252,5291.059,平段
6089.256,4143.738,低谷
6168.126,2249.516,低谷
6046.55,2205.177,低谷
5816.503,2121.278,低谷
5821.847,2123.227,低谷
5848.38,2132.904,低谷
5781.044,2108.347,低谷
6594.607,2405.053,低谷
8805.297,3211.292,平段
10099.189,6872.498,高峰
10218.436,11149.336,高峰
9377.077,10231.329,高峰
8072.901,8808.343,平段
9589.68,6525.777,平段
9873.351,6718.815,平段
9856.884,6707.61,平段
10419.592,7090.532,平段
9551.795,6499.996,平段
9337.14,6353.924,平段
9334.044,6351.817,高峰
9665.445,10545.967,高峰
9039.169,9862.637,高峰
8201.233,8948.365,平段
6855.318,4665.044,平段
2882.224,1051.147,低谷
2959.773,1079.429,低谷
3001.995,1094.827,低谷
2965.897,1081.663,低谷
3005.563,1096.129,低谷
3079.647,1123.147,低谷
3040.215,1108.766,低谷
4015.155,1464.327,低谷
7303.795,4970.233,平段
9431.386,10290.585,高峰
9820.359,10714.993,高峰
9132.789,9964.786,高峰
8547.908,5816.851,平段
9835.246,6692.885,平段
10512.664,7153.868,平段
10163.155,6916.027,平段
9956.311,6775.269,平段
9702.35,6602.449,平段
8945.681,6087.536,平段
7970.249,8696.339,高峰
7461.284,8141.007,高峰
6671.133,7278.873,高峰
6087.417,4142.487,平段
4612.496,3138.804,平段
5501.015,2006.22,低谷
5697.233,2077.781,低谷
5708.816,2082.005,低谷
5559.704,2027.624,低谷
5417.249,1975.671,低谷
5534.584,2018.463,低谷
5550.211,2024.162,低谷
7171.413,2615.414,低谷
10288.267,7001.165,平段
12384.781,13513.035,高峰
12642.885,13794.652,高峰
11419.42,12459.729,高峰
10152.197,6908.57,平段
12384.405,8427.588,平段
12424.123,8454.615,平段
11640.709,7921.503,平段
11912.193,8106.248,平段
11461.911,7799.83,平段
10981.534,7472.934,平段
10562.473,11524.714,高峰
10446.303,11397.961,高峰
9482.956,10346.853,高峰
8898.883,6055.69,平段
7683.469,5228.601,平段
2254.296,1534.048,低谷
2298.518,838.27,低谷
2290.409,835.312,低谷
2302.479,839.714,低谷
2257.284,823.231,低谷
2389.864,871.583,低谷
2325.272,848.027,低谷
3023.575,1102.698,低谷
5690.295,2075.25,平段
7727.231,5258.381,高峰
7700.075,8401.551,高峰
7557.448,8245.932,高峰
7131.72,7781.42,平段
8743.673,5950.07,平段
9457.088,6435.548,平段
9350.452,6362.983,平段
9658.396,6572.538,平段
9811.488,6676.718,平段
8799.651,5988.162,平段
8366.901,5693.676,高峰
8477.157,9249.426,高峰
8582.124,9363.955,高峰
8488.587,9261.897,平段
7851.212,5342.75,平段
5448.251,1986.977,低谷
5594.96,2040.482,低谷
5615.969,2048.144,低谷
5447.028,1986.531,低谷
5512.559,2010.43,低谷
5470.959,1995.259,低谷
5498.302,2005.231,低谷
6755.727,2463.814,低谷
9126.027,6210.261,平段
10962.404,11961.079,高峰
11359.852,12394.735,高峰
10577.513,11541.125,高峰
9679.353,6586.8,平段
11535.688,7850.036,平段
11698.829,7961.053,平段
11530.665,7846.618,平段
11741.709,7990.233,平段
11116.663,7564.889,平段
10357.622,7048.361,平段
9616.131,10492.161,高峰
9788.273,10679.985,高峰
9325.751,10175.327,高峰
9179.673,6246.768,平段
7907.445,5381.017,平段
7261.404,4941.386,低谷
7304.804,2664.062,低谷
7192.104,2622.96,低谷
6611.707,2411.29,低谷
6474.382,2361.207,低谷
6647.531,2424.354,低谷
6530.573,2381.7,低谷
7853.869,2864.306,低谷
10410.258,3796.621,平段
11343.192,7719.042,高峰
11492.428,12539.388,高峰
10814.743,11799.966,高峰
9759.944,10649.075,平段
11386.517,7748.525,平段
11606.312,7898.095,平段
11780.987,8016.961,平段
12509.41,8512.653,平段
11849.153,8063.349,平段
11650.009,7927.831,平段
11289.347,7682.4,高峰
10949.44,11946.934,高峰
10057.103,10973.305,高峰
9354.76,10206.979,平段
8479.431,5770.253,平段
6976.522,4747.523,低谷
7382.356,2692.345,低谷
7304.137,2663.819,低谷
7208.559,2628.961,低谷
6976.657,2544.387,低谷
7165.116,2613.118,低谷
7172.936,2615.97,低谷
8255.404,3010.746,低谷
10654.448,3885.677,平段
12505.901,8510.265,高峰
12325.646,13448.512,高峰
11539.733,12591.003,高峰
10451.603,11403.744,平段
12270.559,8350.115,平段
12208.224,8307.696,平段
12142.892,8263.238,平段
12577.511,8558.996,平段
12044.568,8196.329,平段
12119.85,8247.558,平段
11401.189,7758.509,高峰
11445.381,12488.056,高峰
10779.817,11761.859,高峰
10386.821,11333.06,平段
9312.309,6337.026,平段
6335.337,2310.498,低谷
6293.427,2295.213,低谷
6262.773,2284.033,低谷
6038.32,2202.175,低谷
5891.004,2148.449,低谷
6038.024,2202.067,低谷
6014.615,2193.53,低谷
7659.912,2793.57,低谷
10399.66,7076.968,平段
11300.006,12329.436,高峰
11650.558,12711.924,高峰
10928.713,11924.319,高峰
9048.423,6157.452,平段
11143.604,7583.223,平段
11859.158,8070.157,平段
11771.316,8010.38,平段
11951.365,8132.904,平段
11611.408,7901.563,平段
10922.107,7432.494,平段
10379.854,11325.458,高峰
10021.788,10934.773,高峰
9547.4,10417.168,高峰
9429.109,6416.509,平段
7971.988,5424.938,平段
6441.265,2349.129,低谷
6822.256,2488.077,低谷
6898.243,2515.789,低谷
6568.138,2395.4,低谷
6639.016,2421.249,低谷
6852.707,2499.182,低谷
7021.163,2560.618,低谷
8111.137,2958.132,低谷
10563.2,7188.258,平段
12130.294,13235.364,高峰
12312.313,13433.964,高峰
10728.63,11706.008,高峰
9902.748,6738.82,平段
11832.575,8052.067,平段
12002.991,8168.035,平段
11694.314,7957.981,平段
11921.555,8112.618,平段
12013.351,8175.085,平段
12035.031,8189.838,平段
11329.14,12361.225,高峰
11387.052,12424.412,高峰
10582.761,11546.851,高峰
10029.276,6824.922,平段
8684.28,5909.653,平段
5364.377,1956.388,低谷
5566.948,2030.266,低谷
5499.754,2005.76,低谷
5389.909,1965.7,低谷
5288.844,1928.841,低谷
5465.413,1993.236,低谷
5552.765,2025.093,低谷
6977.428,2544.668,低谷
9924.878,6753.879,平段
11370.836,12406.719,高峰
11677.382,12741.191,高峰
10724.007,11700.964,高峰
9407.173,6401.581,平段
10901.616,7418.55,平段
10615.031,7223.529,平段
9241.109,6288.574,平段
6741.452,4587.558,平段
6699.819,4559.227,平段
5849.98,3980.911,平段
4297.556,4689.064,高峰
3985.199,4348.25,高峰
3720.319,4059.24,高峰
3352.665,2281.489,平段
3198.551,2176.614,平段
6735.475,4583.491,低谷
6755.208,2463.624,低谷
6646.091,2423.83,低谷
6409.925,2337.7,低谷
6272.641,2287.632,低谷
6422.946,2342.448,低谷
6414.811,2339.482,低谷
7537.245,2748.833,低谷
9326.089,3401.225,平段
10938.645,7443.748,高峰
11184.19,12203.069,高峰
10718.773,11695.253,高峰
9523.653,10391.258,平段
11321.003,7703.942,平段
12034.487,8189.468,平段
11911.795,8105.976,平段
12061.24,8207.674,平段
11261.951,7663.758,平段
11246.787,7653.438,平段
11435.511,7781.865,高峰
11040.064,12045.814,高峰
10059.343,10975.749,高峰
9343.736,10194.95,平段
8378.092,5701.292,平段
4786.949,1745.8,低谷
4957.812,1808.114,低谷
4964.699,1810.626,低谷
4612.535,1682.191,低谷
4555.4,1661.354,低谷
4757.797,1735.169,低谷
4787.165,1745.879,低谷
6244.971,2277.541,低谷
9006.641,6129.019,平段
10675.992,11648.575,高峰
11226.857,12249.624,高峰
10689.98,11663.837,高峰
9590.503,6526.337,平段
11074.924,7536.486,平段
10914.493,7427.313,平段
11153.532,7589.979,平段
11419.859,7771.214,平段
11000.695,7485.973,平段
10441.195,7105.233,平段
9526.881,10394.78,高峰
9237.296,10078.814,高峰
8658.491,9447.279,高峰
8518.502,5796.841,平段
6967.963,4741.699,平段
5747.996,2096.294,低谷
6207.777,2263.976,低谷
6204.369,2262.734,低谷
5986.316,2183.209,低谷
6041.404,2203.3,低谷
6138.159,2238.586,低谷
6180.871,2254.164,低谷
6685.672,2438.265,低谷
8376.61,5700.283,平段
8687.319,9478.734,高峰
8721.847,9516.407,高峰
7620.74,8314.989,高峰
6549.101,4456.663,平段
7964.152,5419.605,平段
8210.338,5587.135,平段
6824.32,4643.949,平段
5330.173,3627.183,平段
5366.227,3651.717,平段
4506.485,3066.663,平段
3371.929,3679.112,高峰
3603.011,3931.246,高峰
3746.665,4087.987,高峰
3719.225,2530.932,平段
3315.515,2256.208,平段
6667.316,4537.109,低谷
6645.652,2423.669,低谷
6441.783,2349.318,低谷
6234.823,2273.84,低谷
6202.74,2262.139,低谷
6291.991,2294.689,低谷
6469.416,2359.396,低谷
7361.702,2684.813,低谷
9778.916,3566.371,平段
11667.205,7939.533,高峰
11679.465,12743.464,高峰
11213.288,12234.819,高峰
9258.259,10101.686,平段
11070.78,7533.666,平段
10246.895,6973.012,平段
8639.325,5879.061,平段
5421.071,3689.039,平段
5339.009,3633.196,平段
5095.941,3467.788,平段
3588.324,2441.854,高峰
3202.339,3494.072,高峰
3374.184,3681.572,高峰
3399.585,3709.288,平段
3189.988,2170.787,平段
5002.295,3404.062,低谷
5184.604,1890.825,低谷
5043.957,1839.531,低谷
4875.421,1778.066,低谷
4920.603,1794.544,低谷
5128.109,1870.221,低谷
5055.382,1843.698,低谷
6172.55,2251.129,低谷
8479.948,3092.637,平段
9590.375,6526.25,高峰
9906.734,10809.238,高峰
9248.731,10091.291,高峰
8210.195,8958.143,平段
10145.94,6904.312,平段
10766.779,7326.793,平段
9973.543,6786.996,平段
8573.657,5834.374,平段
7406.379,5040.041,平段
6930.237,4716.027,平段
7048.323,4796.384,高峰
6953.566,7587.036,高峰
6280.543,6852.7,高峰
5760.864,6285.679,平段
4350.049,2960.208,平段
5276.12,1924.201,低谷
5572.984,2032.467,低谷
5547.075,2023.018,低谷
5100.876,1860.289,低谷
5157.969,1881.111,低谷
5277.428,1924.678,低谷
5446.9,1986.484,低谷
6892.747,2513.785,低谷
9410.041,6403.533,平段
10942.328,11939.174,高峰
11229.497,12252.505,高峰
10411.923,11360.449,高峰
9291.706,6323.006,平段
11560.958,7867.232,平段
11824.093,8046.295,平段
11940.688,8125.638,平段
12173.248,8283.896,平段
12005.68,8169.865,平段
12073.803,8216.223,平段
11182.853,12201.611,高峰
10238.041,11170.727,高峰
9967.646,10875.699,高峰
9369.218,6375.753,平段
7892.219,5370.655,平段
6533.705,4446.186,低谷
6684.162,2437.714,低谷
6444.942,2350.47,低谷
6365.679,2321.563,低谷
6266.914,2285.543,低谷
6401.464,2334.614,低谷
6470.609,2359.831,低谷
7595.468,2770.067,低谷
10244.843,6971.615,平段
12114.621,13218.263,高峰
12574.857,13720.427,高峰
11390.217,12427.866,高峰
9893.708,6732.668,平段
12250.336,8336.354,平段
12426.777,8456.422,平段
12143.11,8263.386,平段
12173.123,8283.81,平段
11417.411,7769.548,平段
11528.128,7844.891,平段
11471.514,12516.569,高峰
11595.09,12651.402,高峰
10075.84,10993.749,高峰
9293.289,6324.083,平段
8050.437,5478.322,平段
5575.775,2033.485,低谷
5819.437,2122.349,低谷
5756.256,2099.307,低谷
5611.632,2046.562,低谷
5566.977,2030.277,低谷
5783.052,2109.079,低谷
5874.347,2142.374,低谷
7690.501,2804.726,低谷
10577.875,7198.244,平段
12645.945,13797.991,高峰
12886.981,14060.985,高峰
11720.351,12788.075,高峰
10478.207,7130.42,平段
12481.997,8493.999,平段
11848.18,8062.687,平段
11631.451,7915.202,平段
11952.464,8133.652,平段
10931.941,7439.186,平段
11029.757,7505.75,平段
11561.737,12615.012,高峰
11554.1,12606.678,高峰
10042.248,10957.097,高峰
8984.236,6113.773,平段
7657.041,5210.617,平段
6404.779,4358.452,低谷
6585.101,2401.586,低谷
6538.381,2384.548,低谷
6265.123,2284.89,低谷
6247.859,2278.594,低谷
6484.724,2364.979,低谷
6488.197,2366.246,低谷
7613.507,2776.646,低谷
9904.215,3612.067,平段
10776.458,7333.38,高峰
11177.37,12195.628,高峰
10831.7,11818.468,高峰
9568.253,10439.921,平段
11292.273,7684.392,平段
11384.372,7747.065,平段
11250.973,7656.287,平段
11808.902,8035.958,平段
11215.907,7632.425,平段
10816.293,7360.488,平段
10090.968,6866.904,高峰
10094.891,11014.535,高峰
9549.956,10419.957,高峰
8925.479,9738.59,平段
7931.586,5397.444,平段
6118.855,4163.881,低谷
6252.939,2280.447,低谷
6312.898,2302.314,低谷
5845.438,2131.831,低谷
6140.833,2239.562,低谷
6473.912,2361.036,低谷
6178.631,2253.347,低谷
6909.893,2520.038,低谷
9102.857,3319.812,平段
10438.822,7103.618,高峰
10544.614,11505.228,高峰
10027.989,10941.539,高峰
8559.697,9339.486,平段
10057.667,6844.242,平段
10388.057,7069.073,平段
10125.348,6890.299,平段
10584.156,7202.518,平段
9981.06,6792.111,平段
10053.467,6841.384,平段
10161.772,6915.086,高峰
10113.325,11034.649,高峰
9491.041,10355.675,高峰
9192.688,10030.142,平段
8166.933,5557.598,平段
6111.167,4158.649,低谷
6464.52,2357.61,低谷
6520.787,2378.131,低谷
6361.119,2319.9,低谷
6322.673,2305.879,低谷
6216.057,2266.996,低谷
5495.751,2004.301,低谷
6851.025,2498.569,低谷
8925.156,3255.004,平段
9908.209,6742.536,高峰
9857.801,10755.847,高峰
8872.098,9680.346,高峰
7543.928,8231.18,平段
9614.26,6542.504,平段
9871.173,6717.333,平段
9572.907,6514.363,平段
9910.052,6743.79,平段
8559.796,5824.941,平段
9046.062,6155.845,平段
9234.128,6283.824,高峰
9586.038,10459.326,高峰
8941.099,9755.633,高峰
8437.971,9206.67,平段
7499.565,5103.454,平段
5183.657,1890.48,低谷
5218.813,1903.301,低谷
5162.541,1882.779,低谷
5082.995,1853.768,低谷
4704.864,1715.864,低谷
4881.182,1780.167,低谷
5261.654,1918.925,低谷
4664.768,1701.241,低谷
5742.621,3907.854,平段
6611.725,7214.053,高峰
7109.823,7757.528,高峰
6841.625,7464.897,高峰
6805.765,4631.323,平段
6499.933,4423.205,平段
6042.089,4111.641,平段
4906.275,3338.72,平段
2729.154,1857.19,平段
2581.064,1756.414,平段
2300.84,1565.722,平段
2115.748,2308.493,高峰
2200.87,2401.37,高峰
2195.671,2395.697,高峰
2207.747,1502.372,平段
2068.886,1407.877,平段
5327.596,1942.974,低谷
5456.738,1990.072,低谷
5457.135,1990.217,低谷
5295.301,1931.196,低谷
5208.172,1899.42,低谷
5377.234,1961.077,低谷
5322.434,1941.092,低谷
6968.768,2541.51,低谷
9701.504,6601.873,平段
12141.791,13247.908,高峰
12522.213,13662.987,高峰
11884.291,12966.95,高峰
10562.213,7187.586,平段
12375.831,8421.753,平段
12706.702,8646.911,平段
12775.028,8693.407,平段
13052.319,8882.103,平段
12259.229,8342.406,平段
12139.801,8261.135,平段
11594.16,12650.388,高峰
11492.937,12539.943,高峰
10282.995,11219.776,高峰
9429.347,6416.671,平段
8001.86,5445.266,平段
6029.289,4102.931,低谷
5742.681,2094.356,低谷
5629.144,2052.949,低谷
5348.251,1950.507,低谷
5333.475,1945.118,低谷
5601.811,2042.98,低谷
5509.655,2009.371,低谷
6897.173,2515.399,低谷
9921.724,3618.453,平段
11444.457,7787.953,高峰
11902.525,12986.844,高峰
11245.956,12270.462,高峰
9871.251,10770.522,平段
11502.913,7827.733,平段
11797.585,8028.257,平段
11681.272,7949.106,平段
11975.723,8149.479,平段
11268.524,7668.231,平段
11130.757,7574.48,平段
10655.543,7251.097,高峰
10585.768,11550.131,高峰
9824.468,10719.477,高峰
9138.093,9970.573,平段
8221.22,5594.541,平段
6107.568,2227.43,低谷
6308.425,2300.683,低谷
6291.661,2294.569,低谷
6041.411,2203.302,低谷
6004.969,2190.012,低谷
6178.493,2253.297,低谷
6051.675,2207.046,低谷
7035.595,2565.882,低谷
9601.452,6533.788,平段
11095.609,12106.419,高峰
11663.257,12725.78,高峰
11074.639,12083.538,高峰
9499.627,6464.496,平段
10797.996,7348.036,平段
10267.984,6987.363,平段
10018.836,6817.818,平段
9774.779,6651.737,平段
10490.473,7138.767,平段
10619.525,7226.587,平段
9770.851,10660.975,高峰
9793.808,10686.024,高峰
9509.18,10375.466,高峰
8867.219,6034.142,平段
7407.321,5040.682,平段
2994.936,2038.054,低谷
3240.891,1181.953,低谷
3256.962,1187.814,低谷
3064.263,1117.537,低谷
3065.807,1118.1,低谷
3217.325,1173.359,低谷
3233.603,1179.295,低谷
4362.632,1591.052,低谷
7341.245,2677.352,平段
10425.143,7094.31,高峰
10812.443,11797.457,高峰
9895.246,10796.703,高峰
8629.011,9415.113,平段
10623.868,7229.542,平段
11285.436,7679.739,平段
11202.359,7623.205,平段
11244.451,7651.849,平段
10651.687,7248.473,平段
10382.016,7064.962,平段
10581.531,7200.732,高峰
10397.69,11344.919,高峰
9241.33,10083.216,高峰
8753.307,9550.733,平段
7836.02,5332.412,平段
5393.332,1966.948,低谷
5354.518,1952.793,低谷
5402.882,1970.431,低谷
5285.248,1927.53,低谷
5099.792,1859.894,低谷
5282.277,1926.447,低谷
5329.563,1943.691,低谷
6567.077,2395.013,低谷
9078.772,6178.104,平段
11060.647,12068.272,高峰
11764.535,12836.285,高峰
11086.911,12096.928,高峰
9497.68,6463.171,平段
11571.649,7874.507,平段
12130.341,8254.697,平段
11608.386,7899.507,平段
11790.109,8023.169,平段
11448.071,7790.412,平段
11154.432,7590.591,平段
10795.94,11779.45,高峰
10550.145,11511.263,高峰
9265.615,10109.713,高峰
8513.295,5793.297,平段
7321.751,4982.452,平段
2018.193,736.035,低谷
2117.549,772.27,低谷
2164.903,789.54,低谷
2147.976,783.367,低谷
2094.882,764.003,低谷
2170.454,791.565,低谷
2236.155,815.526,低谷
4379.927,1597.359,低谷
8210.892,5587.512,平段
10666.137,11637.822,高峰
11172.628,12190.454,高峰
10767.027,11747.903,高峰
9414.349,6406.465,平段
10965.202,7461.82,平段
11205.646,7625.442,平段
11096.2,7550.964,平段
11486.188,7816.351,平段
11342.713,7718.716,平段
10978.933,7471.164,平段
10235.059,11167.472,高峰
10128.441,11051.142,高峰
9560.675,10431.652,高峰
9246.927,6292.534,平段
7689.672,5232.822,平段
5915.475,2157.374,低谷
6191.402,2258.004,低谷
6137.379,2238.302,低谷
5816.267,2121.193,低谷
5653.74,2061.919,低谷
6036.099,2201.365,低谷
6044.185,2204.314,低谷
7331.659,2673.856,低谷
9991.518,6799.228,平段
12097.408,13199.481,高峰
12815.622,13983.125,高峰
11961.23,13050.898,高峰
10919.061,7430.421,平段
12539.435,8533.085,平段
11566.917,7871.287,平段
10488.702,7137.562,平段
11413.981,7767.214,平段
11505.628,7829.58,平段
11791.191,8023.905,平段
11416.151,12456.162,高峰
11423.447,12464.123,高峰
10603.999,11570.023,高峰
10105.7,6876.929,平段
8146.567,5543.739,平段
7192.544,4894.526,低谷
7490.105,2731.641,低谷
7272.688,2652.349,低谷
6948.48,2534.111,低谷
6952.443,2535.556,低谷
7109.747,2592.925,低谷
7061.544,2575.345,低谷
8295.015,3025.192,低谷
10829.08,3949.365,平段
12254.89,8339.452,高峰
12715.611,13874.003,高峰
11742.651,12812.406,高峰
10344.623,11287.018,平段
12131.025,8255.163,平段
12117.56,8246.0,平段
12037.679,8191.64,平段
12629.166,8594.147,平段
12713.449,8651.502,平段
12178.015,8287.139,平段
10867.836,7395.562,高峰
10362.015,11305.994,高峰
9750.716,10639.006,高峰
9647.695,10526.6,平段
8189.673,5573.073,平段
5815.444,3957.41,低谷
5869.224,2140.506,低谷
5827.261,2125.202,低谷
5582.728,2036.021,低谷
5662.468,2065.102,低谷
5876.163,2143.037,低谷
5760.265,2100.769,低谷
6576.472,2398.439,低谷
8663.794,3159.686,平段
10061.831,6847.076,高峰
10598.049,11563.532,高峰
10138.069,11061.647,高峰
8738.571,9534.655,平段
10442.1,7105.849,平段
11142.776,7582.659,平段
11012.845,7494.241,平段
11184.412,7610.992,平段
10192.676,6936.116,平段
10412.576,7085.758,平段
11186.549,7612.447,高峰
11221.143,12243.389,高峰
10396.585,11343.714,高峰
9511.891,10378.424,平段
8437.948,5742.024,平段
5253.327,1915.888,低谷
5396.045,1967.938,低谷
5369.843,1958.382,低谷
5072.371,1849.894,低谷
5012.484,1828.053,低谷
5163.383,1883.086,低谷
5225.212,1905.635,低谷
6709.371,2446.907,低谷
10054.841,6842.32,平段
11889.885,12973.054,高峰
12125.447,13230.075,高峰
11510.616,12559.233,高峰
10283.519,6997.934,平段
11892.188,8092.634,平段
12695.875,8639.543,平段
12556.396,8544.627,平段
12734.377,8665.744,平段
12356.238,8408.42,平段
11958.212,8137.563,平段
10690.365,11664.258,高峰
10404.271,11352.1,高峰
9954.8,10861.682,高峰
9388.053,6388.57,平段
7884.031,5365.083,平段
5424.068,1978.158,低谷
5656.927,2063.081,低谷
5776.821,2106.807,低谷
5491.112,2002.609,低谷
5377.016,1960.998,低谷
5465.089,1993.118,低谷
5362.383,1955.661,低谷
6734.885,2456.213,低谷
9386.421,6387.46,平段
11206.527,12227.441,高峰
11652.407,12713.941,高峰
11011.936,12015.123,高峰
10592.833,7208.423,平段
11873.934,8080.212,平段
10683.938,7270.42,平段
9315.769,6339.381,平段
7165.376,4876.038,平段
6348.504,4320.157,平段
6104.951,4154.419,平段
5027.055,5485.019,高峰
4674.901,5100.785,高峰
4266.205,4654.857,高峰
4123.995,2806.378,平段
3878.647,2639.42,平段
4591.247,1674.428,低谷
4672.133,1703.927,低谷
4646.081,1694.426,低谷
4501.14,1641.566,低谷
4297.659,1567.356,低谷
4347.348,1585.478,低谷
4328.348,1578.549,低谷
5445.997,1986.155,低谷
8062.339,5486.422,平段
10070.767,10988.214,高峰
10807.309,11791.855,高峰
9821.461,10716.196,高峰
9032.9,6146.888,平段
10097.333,6871.235,平段
10276.951,6993.465,平段
10065.171,6849.349,平段
9944.701,6767.369,平段
9076.948,6176.863,平段
8321.732,5662.938,平段
8103.482,8841.709,高峰
7904.669,8624.785,高峰
7449.381,8128.02,高峰
6552.915,4459.258,平段
5184.665,3528.165,平段
5976.767,4067.19,低谷
6029.348,2198.903,低谷
5962.098,2174.377,低谷
5691.102,2075.545,低谷
5751.057,2097.411,低谷
5734.515,2091.377,低谷
5771.487,2104.861,低谷
6515.108,2376.06,低谷
8641.196,3151.444,平段
9814.921,6679.054,高峰
10242.524,11175.618,高峰
9222.374,10062.532,高峰
7944.082,8667.788,平段
10027.798,6823.916,平段
10480.822,7132.199,平段
10687.637,7272.937,平段
10977.416,7470.132,平段
9837.528,6694.438,平段
9508.322,6470.413,平段
10361.015,7050.67,高峰
10352.527,11295.642,高峰
9457.191,10318.741,高峰
8568.788,9349.405,平段
7745.349,5270.71,平段
2694.271,982.601,低谷
2681.29,977.866,低谷
2585.043,942.765,低谷
2765.538,1008.592,低谷
2748.459,1002.363,低谷
2727.328,994.657,低谷
2698.295,984.068,低谷
3164.711,1154.17,低谷
5428.081,3693.809,平段
7306.844,7972.497,高峰
7998.453,8727.112,高峰
7914.887,8635.933,高峰
7747.001,5271.834,平段
8137.46,5537.542,平段
8567.028,5829.863,平段
8385.168,5706.107,平段
7727.959,5258.876,平段
7539.079,5130.343,平段
7129.358,4851.528,平段
6610.681,7212.914,高峰
6185.379,6748.867,高峰
5804.537,6333.331,高峰
5107.504,3475.656,平段
2880.309,1960.051,平段
6313.877,4296.594,低谷
6569.355,2395.844,低谷
6273.019,2287.77,低谷
6224.58,2270.104,低谷
6171.217,2250.643,低谷
6497.611,2369.679,低谷
6342.528,2313.12,低谷
6864.412,2503.451,低谷
9049.619,3300.396,平段
10441.28,7105.291,高峰
10501.101,11457.752,高峰
10513.221,11470.976,高峰
9786.628,10678.19,平段
11285.232,7679.6,平段
11259.75,7662.26,平段
11207.441,7626.664,平段
11506.84,7830.405,平段
11043.369,7515.013,平段
10937.564,7443.012,平段
10652.281,7248.878,高峰
10437.528,11388.387,高峰
9940.73,10846.331,高峰
9680.11,10561.968,平段
8264.681,5624.116,平段
6484.769,4412.885,低谷
6425.301,2343.307,低谷
6447.42,2351.374,低谷
6384.76,2328.522,低谷
6394.225,2331.974,低谷
6435.356,2346.974,低谷
6321.275,2305.369,低谷
6615.781,2412.775,低谷
8254.281,3010.336,平段
9149.039,6225.921,高峰
9142.383,9975.254,高峰
9005.281,9825.662,高峰
8354.786,9115.907,平段
9564.219,6508.451,平段
8215.271,5590.492,平段
8537.746,5809.936,平段
10055.474,6842.75,平段
10301.664,7010.282,平段
9933.261,6759.584,平段
9442.105,6425.353,高峰
9352.56,10204.578,高峰
9390.115,10245.554,高峰
9402.044,10258.57,平段
7909.258,5382.25,平段
5058.492,1844.832,低谷
5054.76,1843.471,低谷
4999.311,1823.249,低谷
4889.399,1783.164,低谷
4882.096,1780.5,低谷
5020.149,1830.848,低谷
5053.761,1843.107,低谷
6156.759,2245.37,低谷
8828.497,6007.792,平段
10627.815,11596.009,高峰
11014.516,12017.938,高峰
10183.251,11110.945,高峰
8608.623,5858.168,平段
10006.593,6809.487,平段
9997.6,6803.367,平段
8645.989,5883.596,平段
6685.423,4549.43,平段
6455.201,4392.764,平段
5493.493,3738.322,平段
4087.273,4459.624,高峰
3620.792,3950.646,高峰
3574.928,3900.604,高峰
3521.936,2396.677,平段
3315.597,2256.264,平段
6128.195,4170.236,低谷
6544.989,2386.958,低谷
6695.383,2441.806,低谷
6549.255,2388.513,低谷
6368.882,2322.731,低谷
6750.924,2462.062,低谷
6761.632,2465.967,低谷
7483.124,2729.095,低谷
9668.925,3526.257,平段
10692.048,7275.939,高峰
11239.994,12263.958,高峰
10561.364,11523.504,高峰
9410.232,10267.504,平段
11333.935,7712.743,平段
11751.202,7996.693,平段
11667.893,7940.001,平段
11809.303,8036.231,平段
11372.798,7739.189,平段
11568.041,7872.052,平段
11455.115,7795.206,高峰
11650.976,12712.38,高峰
10451.971,11404.145,高峰
9895.259,10796.717,平段
8552.673,5820.094,平段
3494.306,2377.875,低谷
3480.807,1269.45,低谷
3428.769,1250.472,低谷
3259.155,1188.614,低谷
3286.426,1198.56,低谷
3543.039,1292.146,低谷
3513.955,1281.539,低谷
4649.977,1695.847,低谷
8182.451,2984.14,平段
9917.467,6748.837,高峰
10545.895,11506.626,高峰
9885.595,10786.172,高峰
8726.197,9521.154,平段
10381.094,7064.334,平段
10497.012,7143.216,平段
9781.32,6656.188,平段
8777.477,5973.073,平段
8107.764,5517.333,平段
7585.324,5161.813,平段
7118.941,4844.44,高峰
6916.203,7546.269,高峰
6243.932,6812.754,高峰
5774.755,6300.835,平段
4634.624,3153.862,平段
3063.238,2084.534,低谷
3340.727,1218.363,低谷
3359.005,1225.029,低谷
3139.893,1145.119,低谷
3133.943,1142.949,低谷
3274.48,1194.203,低谷
3212.865,1171.732,低谷
4155.884,1515.651,低谷
7127.89,2599.542,平段
8731.975,5942.109,高峰
9310.308,10158.477,高峰
8491.145,9264.689,高峰
7298.519,7963.414,平段
9346.276,6360.141,平段
9490.88,6458.544,平段
9624.455,6549.441,平段
10102.037,6874.436,平段
9206.937,6265.321,平段
8989.775,6117.542,平段
9411.019,6404.198,高峰
9577.248,10449.736,高峰
8904.294,9715.475,高峰
8029.476,8760.961,平段
7171.26,4880.042,平段
5881.909,2145.132,低谷
5931.613,2163.259,低谷
5928.848,2162.251,低谷
5661.786,2064.853,低谷
5612.733,2046.964,低谷
5825.157,2124.435,低谷
5724.935,2087.884,低谷
7186.961,2621.085,低谷
9711.099,6608.403,平段
11769.639,12841.853,高峰
12147.105,13253.707,高峰
11173.179,12191.056,高峰
9584.99,6522.586,平段
10944.18,7447.514,平段
10562.956,7188.092,平段
9542.183,6493.455,平段
9692.365,6595.655,平段
10579.389,7199.274,平段
10396.32,7074.696,平段
9769.641,10659.655,高峰
9718.42,10603.768,高峰
8904.685,9715.902,高峰
8449.225,5749.698,平段
7111.772,4839.561,平段
5473.524,1996.194,低谷
5664.969,2066.014,低谷
5614.988,2047.786,低谷
5335.555,1945.877,低谷
5247.873,1913.899,低谷
5475.305,1996.844,低谷
5543.027,2021.542,低谷
6937.473,2530.096,低谷
9791.759,6663.292,平段
11329.469,12361.583,高峰
12061.883,13160.721,高峰
11227.551,12250.381,高峰
9953.601,6773.426,平段
12242.214,8330.826,平段
12320.162,8383.87,平段
11810.887,8037.308,平段
12393.431,8433.73,平段
12099.179,8233.491,平段
11380.379,7744.348,平段
10349.601,11292.45,高峰
10167.748,11094.03,高峰
9425.096,10283.722,高峰
8941.432,6084.645,平段
7634.489,5195.27,平段
6847.061,4659.425,低谷
6959.704,2538.204,低谷
6962.575,2539.251,低谷
6743.434,2459.33,低谷
6625.765,2416.417,低谷
6748.543,2461.194,低谷
6597.017,2405.932,低谷
7729.831,2819.069,低谷
10160.571,3705.56,平段
11950.297,8132.177,高峰
12491.3,13629.258,高峰
11952.849,13041.754,高峰
10511.052,11468.609,平段
12706.397,8646.703,平段
13064.172,8890.169,平段
12698.815,8641.543,平段
13059.479,8886.975,平段
12390.073,8431.445,平段
12134.449,8257.493,平段
11589.519,7886.667,高峰
10922.517,11917.558,高峰
10278.434,11214.799,高峰
9947.927,10854.183,平段
8682.364,5908.349,平段
6324.411,4303.762,低谷
6169.855,2250.146,低谷
6151.945,2243.614,低谷
5934.713,2164.39,低谷
5810.989,2119.268,低谷
6076.54,2216.114,低谷
6123.833,2233.362,低谷
6908.364,2519.48,低谷
9074.242,3309.376,平段
10532.828,7167.589,高峰
11168.955,12186.446,高峰
10294.314,11232.126,高峰
8540.849,9318.92,平段
10585.257,7203.268,平段
10898.085,7416.147,平段
10673.209,7263.119,平段
11312.701,7698.293,平段
10727.143,7299.821,平段
10460.46,7118.343,平段
10688.261,7273.362,高峰
10634.088,11602.853,高峰
9748.412,10636.492,高峰
9204.051,10042.54,平段
7945.11,5406.647,平段
5203.539,1897.731,低谷
5297.929,1932.155,低谷
5232.067,1908.135,低谷
5039.847,1838.032,低谷
4952.389,1806.136,低谷
5171.927,1886.202,低谷
5076.848,1851.526,低谷
6469.8,2359.536,低谷
9349.493,6362.33,平段
10988.651,11989.717,高峰
11334.543,12367.12,高峰
10618.341,11585.672,高峰
9189.906,6253.731,平段
11387.305,7749.061,平段
10807.901,7354.777,平段
9793.275,6664.323,平段
10322.132,7024.211,平段
11193.499,7617.176,平段
10953.7,7453.993,平段
10111.207,11032.338,高峰
10005.235,10916.712,高峰
9447.686,10308.37,高峰
9241.925,6289.13,平段
7641.957,5200.352,平段
5633.452,3833.564,低谷
5819.848,2122.499,低谷
5944.123,2167.822,低谷
5745.054,2095.221,低谷
5543.78,2021.817,低谷
5703.217,2079.963,低谷
5687.551,2074.25,低谷
5482.766,1999.565,低谷
6736.241,2456.707,平段
8021.147,5458.39,高峰
8395.575,9160.412,高峰
7937.237,8660.319,高峰
7606.2,8299.125,平段
7898.781,5375.12,平段
7932.492,5398.061,平段
6552.887,4459.239,平段
3384.635,2303.244,平段
3103.817,2112.148,平段
2368.653,1611.869,平段
2360.419,1606.265,高峰
2586.536,2822.169,高峰
2488.655,2715.372,高峰
2519.667,2749.209,平段
2313.763,1574.515,平段
5419.457,1976.476,低谷
5540.643,2020.672,低谷
5363.556,1956.089,低谷
5226.074,1905.949,低谷
5115.982,1865.798,低谷
5314.535,1938.211,低谷
5402.779,1970.394,低谷
7010.187,2556.615,低谷
9913.196,6745.93,平段
12043.768,13140.955,高峰
12442.538,13576.053,高峰
11252.477,12277.578,高峰
9806.236,6673.144,平段
12011.009,8173.492,平段
12452.161,8473.696,平段
12184.667,8291.666,平段
12372.015,8419.156,平段
11951.184,8132.781,平段
11609.064,7899.968,平段
10780.712,11762.835,高峰
10374.568,11319.691,高峰
9525.109,10392.847,高峰
9358.279,6368.309,平段
7560.396,5144.849,平段
6521.641,2378.443,低谷
6753.9,2463.147,低谷
6575.627,2398.131,低谷
6255.873,2281.517,低谷
6281.834,2290.985,低谷
6322.172,2305.696,低谷
6368.213,2322.487,低谷
7659.91,2793.569,低谷
10044.926,6835.572,平段
12315.033,13436.932,高峰
12929.438,14107.309,高峰
12254.733,13371.139,高峰
11159.564,7594.083,平段
12843.822,8740.221,平段
13042.686,8875.548,平段
12626.411,8592.273,平段
12235.634,8326.349,平段
11693.96,7957.74,平段
11289.855,7682.746,平段
10804.44,11788.724,高峰
10953.62,11951.495,高峰
10198.716,11127.819,高峰
9827.152,6687.377,平段
8411.946,5724.33,平段
5656.947,3849.553,低谷
5402.098,1970.145,低谷
5304.595,1934.586,低谷
5136.125,1873.145,低谷
5046.943,1840.62,低谷
5157.594,1880.975,低谷
5211.493,1900.631,低谷
6380.44,2326.946,低谷
8853.477,3228.863,平段
10615.084,7223.565,高峰
11225.637,12248.293,高峰
10652.983,11623.469,高峰
9046.199,9870.307,平段
10885.896,7407.852,平段
10552.813,7181.189,平段
8981.256,6111.745,平段
6467.188,4400.921,平段
5752.806,3914.785,平段
4983.405,3391.207,平段
4423.329,3010.076,高峰
4225.801,4610.772,高峰
3859.309,4210.892,高峰
3524.341,3845.409,平段
3280.144,2232.138,平段
5154.267,1879.761,低谷
5325.821,1942.327,低谷
5217.071,1902.666,低谷
5102.291,1860.806,低谷
5122.521,1868.183,低谷
5231.456,1907.912,低谷
5305.852,1935.044,低谷
6888.484,2512.23,低谷
9409.899,6403.436,平段
11854.1,12934.008,高峰
12337.331,13461.262,高峰
11613.778,12671.793,高峰
10291.829,7003.59,平段
11697.029,7959.828,平段
11452.853,7793.667,平段
11697.084,7959.866,平段
12334.543,8393.656,平段
11511.32,7833.453,平段
11930.909,8118.984,平段
11972.132,13062.793,高峰
12078.981,13179.377,高峰
10713.811,11689.839,高峰
9888.266,6728.965,平段
8317.903,5660.333,平段
2604.368,949.813,低谷
2793.409,1018.756,低谷
2799.537,1020.991,低谷
2778.736,1013.405,低谷
2790.665,1017.756,低谷
2446.052,892.075,低谷
2849.512,1039.217,低谷
4537.736,1654.912,低谷
8003.113,5446.119,平段
9731.668,10618.223,高峰
10479.86,11434.575,高峰
10116.303,11037.898,高峰
8547.602,5816.643,平段
10327.763,7028.043,平段
11014.241,7495.191,平段
11239.667,7648.593,平段
11401.063,7758.423,平段
10938.174,7443.427,平段
10621.931,7228.224,平段
9647.326,10526.198,高峰
9496.836,10361.998,高峰
9297.988,10145.035,高峰
8825.946,6006.056,平段
7861.228,5349.566,平段
5902.333,4016.538,低谷
5968.693,2176.782,低谷
6045.316,2204.727,低谷
5963.965,2175.058,低谷
6062.759,2211.088,低谷
6338.956,2311.817,低谷
6291.372,2294.463,低谷
7465.177,2722.55,低谷
10112.063,3687.869,平段
11491.296,7819.827,高峰
11835.98,12914.238,高峰
11329.29,12361.388,高峰
9687.469,10569.997,平段
11220.8,7635.754,平段
11380.246,7744.258,平段
11098.802,7552.735,平段
10952.243,7453.001,平段
10769.411,7328.584,平段
10815.621,7360.03,平段
10540.917,7173.094,高峰
10122.061,11044.181,高峰
9127.359,9958.862,高峰
8585.997,9368.181,平段
7604.476,5174.846,平段
3236.427,2202.388,低谷
3460.625,1262.09,低谷
3395.507,1238.341,低谷
3142.059,1145.909,低谷
3191.604,1163.978,低谷
3348.476,1221.189,低谷
3355.31,1223.682,低谷
4439.76,1619.18,低谷
7245.363,2642.384,平段
10066.665,6850.366,高峰
10410.488,11358.883,高峰
10065.689,10982.674,高峰
8854.379,9661.013,平段
10656.861,7251.994,平段
10917.487,7429.35,平段
10882.684,7405.666,平段
11327.719,7708.513,平段
10665.339,7257.763,平段
10773.075,7331.077,平段
10517.111,7156.894,高峰
10377.184,11322.545,高峰
9825.479,10720.58,高峰
9275.084,10120.045,平段
8237.225,5605.431,平段
3676.964,1340.989,低谷
3710.621,1353.264,低谷
3596.178,1311.526,低谷
3547.495,1293.771,低谷
3430.346,1251.047,低谷
3416.243,1245.904,低谷
3337.521,1217.194,低谷
3685.989,1344.28,低谷
5495.04,3739.375,平段
7767.475,8475.092,高峰
8597.963,9381.238,高峰
8809.578,9612.131,高峰
8381.524,5703.627,平段
8771.759,5969.182,平段
9145.877,6223.77,平段
9182.786,6248.886,平段
8724.669,5937.137,平段
8205.98,5584.169,平段
7643.216,5201.208,平段
7255.573,7916.556,高峰
7020.831,7660.428,高峰
6063.497,6615.882,高峰
5090.037,3463.77,平段
3558.209,2421.361,平段
3808.813,1389.074,低谷
4284.133,1562.423,低谷
4277.659,1560.062,低谷
3975.427,1449.838,低谷
3956.201,1442.826,低谷
4308.546,1571.327,低谷
4278.889,1560.511,低谷
5572.515,2032.296,低谷
8997.977,6123.124,平段
11856.231,12936.333,高峰
12529.198,13670.608,高峰
11734.925,12803.977,高峰
10190.381,6934.554,平段
11903.616,8100.411,平段
11925.682,8115.427,平段
12178.37,8287.381,平段
12243.913,8331.983,平段
11864.047,8073.484,平段
11910.808,8105.305,平段
11762.496,12834.059,高峰
11585.664,12641.118,高峰
10642.575,11612.113,高峰
8536.623,5809.172,平段
8631.326,5873.618,平段
4515.617,1646.845,低谷
4319.04,1575.154,低谷
4142.42,1510.741,低谷
4187.652,1527.237,低谷
4126.156,1504.809,低谷
4075.131,1486.2,低谷
3999.444,1458.597,低谷
4408.909,1607.929,低谷
6325.439,4304.461,平段
7594.46,8286.315,高峰
7829.013,8542.236,高峰
7563.253,8252.266,高峰
7469.809,5083.205,平段
6757.207,4598.279,平段
6034.103,4106.207,平段
6546.822,4455.113,平段
7316.763,4979.057,平段
7885.319,5365.96,平段
7387.56,5027.235,平段
6779.259,7396.849,高峰
7159.777,7812.033,高峰
6921.656,7552.219,高峰
6670.961,4539.589,平段
5403.969,3677.401,平段
3310.951,1207.504,低谷
3423.029,1248.379,低谷
3377.778,1231.875,低谷
3345.465,1220.091,低谷
3304.632,1205.199,低谷
3477.068,1268.087,低谷
3457.824,1261.068,低谷
4941.299,1802.092,低谷
7196.496,4897.216,平段
10375.924,11321.171,高峰
11403.978,12442.88,高峰
10938.689,11935.204,高峰
9467.324,6442.514,平段
11181.652,7609.114,平段
11458.112,7797.245,平段
11407.769,7762.987,平段
11404.577,7760.815,平段
11152.12,7589.018,平段
10772.551,7330.721,平段
9913.405,10816.517,高峰
9975.845,10884.644,高峰
9251.399,10094.202,高峰
8499.019,5783.582,平段
7131.789,4853.183,平段
6228.92,4238.78,低谷
6299.411,2297.395,低谷
6330.783,2308.836,低谷
6171.7,2250.819,低谷
6183.325,2255.059,低谷
6324.581,2306.575,低谷
6241.963,2276.444,低谷
7259.677,2647.604,低谷
9661.993,3523.729,平段
11044.159,7515.55,高峰
11032.829,12037.92,高峰
10904.883,11898.317,高峰
9487.854,10352.197,平段
11405.535,7761.466,平段
10573.117,7195.006,平段
9634.607,6556.35,平段
9894.619,6733.288,平段
10227.911,6960.093,平段
10084.424,6862.451,平段
9999.099,6804.387,高峰
10006.347,10917.925,高峰
9842.055,10738.666,高峰
9276.121,10121.176,平段
7702.544,5241.581,平段
5315.079,1938.409,低谷
5428.819,1979.89,低谷
5456.152,1989.859,低谷
5087.752,1855.503,低谷
5093.462,1857.586,低谷
5279.39,1925.393,低谷
5227.877,1906.607,低谷
6759.318,2465.123,低谷
9889.019,6729.477,平段
11979.645,13070.991,高峰
12630.333,13780.957,高峰
11439.548,12481.691,高峰
10480.175,7131.759,平段
12427.739,8457.076,平段
11806.372,8034.236,平段
10650.448,7247.63,平段
11218.127,7633.935,平段
11574.972,7876.768,平段
11156.789,7592.195,平段
10210.777,11140.979,高峰
9823.851,10718.803,高峰
9009.089,9829.817,高峰
8682.333,5908.328,平段
7152.175,4867.055,平段
5767.236,2103.311,低谷
5964.02,2175.078,低谷
5871.02,2141.161,低谷
5638.737,2056.447,低谷
5493.176,2003.361,低谷
5856.816,2135.981,低谷
5923.148,2160.172,低谷
7434.629,2711.409,低谷
10346.545,7040.824,平段
12330.87,13454.212,高峰
12749.665,13911.16,高峰
11759.421,12830.705,高峰
10796.073,7346.728,平段
12692.765,8637.427,平段
12791.34,8704.507,平段
12564.547,8550.174,平段
12691.413,8636.507,平段
12206.044,8306.213,平段
12039.785,8193.074,平段
11305.803,12335.762,高峰
10881.603,11872.917,高峰
10478.181,11432.744,高峰
9657.579,6571.982,平段
8357.037,5686.964,平段
6535.154,4447.172,低谷
6452.257,2353.138,低谷
6461.012,2356.331,低谷
6274.364,2288.261,低谷
6219.593,2268.285,低谷
6384.397,2328.39,低谷
6526.251,2380.124,低谷
7747.975,2825.686,低谷
10579.151,3858.216,平段
12354.701,8407.374,高峰
12769.085,13932.349,高峰
11908.215,12993.054,高峰
10712.121,11687.995,平段
12920.156,8792.166,平段
12976.776,8830.696,平段
13110.601,8921.764,平段
13335.454,9074.776,平段
12327.019,8388.536,平段
12020.669,8180.065,平段
11762.121,8004.124,高峰
11534.7,12585.511,高峰
10177.559,11104.734,高峰
9821.216,10715.929,平段
8800.065,5988.444,平段
6333.676,4310.067,低谷
6357.926,2318.736,低谷
6299.232,2297.33,低谷
5965.256,2175.529,低谷
5905.268,2153.651,低谷
6008.24,2191.205,低谷
6073.253,2214.915,低谷
6957.336,2537.34,低谷
8746.707,3189.924,平段
9688.683,6593.149,高峰
9922.829,10826.799,高峰
9505.024,10370.931,高峰
8121.183,8861.023,平段
9815.025,6679.125,平段
9997.617,6803.379,平段
10119.876,6886.576,平段
10837.899,7375.19,平段
9929.057,6756.724,平段
10371.403,7057.74,平段
10621.919,7228.216,高峰
10207.8,11137.731,高峰
9416.216,10274.033,高峰
8801.605,9603.432,平段
8184.413,5569.493,平段
5223.973,1905.183,低谷
5345.756,1949.597,低谷
5411.38,1973.53,低谷
5156.188,1880.462,低谷
5121.39,1867.771,低谷
5310.235,1936.643,低谷
5212.164,1900.876,低谷
6605.701,2409.099,低谷
9529.049,6484.518,平段
11442.111,12484.488,高峰
12249.673,13365.619,高峰
11319.431,12350.632,高峰
9796.902,6666.792,平段
11346.96,7721.606,平段
10395.932,7074.432,平段
8700.079,5920.404,平段
6767.675,4605.403,平段
6517.645,4435.258,平段
6036.579,4107.892,平段
4610.751,5030.79,高峰
4218.355,4602.647,高峰
3925.705,4283.337,高峰
3786.499,2576.712,平段
3592.397,2444.626,平段
5469.26,1994.639,低谷
5301.133,1933.323,低谷
5300.991,1933.271,低谷
5162.896,1882.908,低谷
5157.273,1880.858,低谷
5400.152,1969.435,低谷
5381.857,1962.763,低谷
6708.488,2446.586,低谷
9698.136,6599.581,平段
11124.635,12138.089,高峰
11633.456,12693.264,高峰
10565.053,11527.53,高峰
9634.97,6556.597,平段
11377.91,7742.668,平段
11665.673,7938.491,平段
11536.025,7850.265,平段
11729.251,7981.755,平段
10650.821,7247.884,平段
11008.711,7491.428,平段
11138.665,12153.398,高峰
11377.959,12414.491,高峰
10601.059,11566.815,高峰
9373.625,6378.752,平段
7326.364,4985.591,平段
3656.166,1333.404,低谷
3945.648,1438.978,低谷
3887.422,1417.743,低谷
3734.06,1361.812,低谷
3604.187,1314.447,低谷
3905.281,1424.256,低谷
3797.473,1384.939,低谷
4988.577,1819.334,低谷
6452.327,4390.808,平段
7492.367,8174.921,高峰
7959.527,8684.64,高峰
7101.023,7747.926,高峰
6257.527,4258.247,平段
7976.521,5428.023,平段
8446.616,5747.922,平段
8051.819,5479.263,平段
8308.455,5653.903,平段
8556.076,5822.41,平段
9971.211,6785.409,平段
9721.315,10606.927,高峰
9735.93,10622.873,高峰
9545.961,10415.598,高峰
8568.019,5830.537,平段
7420.759,5049.826,平段
5485.296,3732.744,低谷
5748.93,2096.635,低谷
5902.596,2152.677,低谷
5624.567,2051.28,低谷
5363.646,1956.122,低谷
5817.415,2121.611,低谷
5857.547,2136.248,低谷
6890.179,2512.848,低谷
9278.905,3384.017,平段
10423.059,7092.892,高峰
10608.531,11574.968,高峰
9524.22,10391.876,高峰
8177.153,8922.092,平段
9747.389,6633.098,平段
10286.268,6999.805,平段
10202.788,6942.997,平段
10663.908,7256.789,平段
9723.182,6616.626,平段
10029.285,6824.928,平段
10535.932,7169.702,高峰
10331.845,11273.076,高峰
9892.715,10793.941,高峰
8911.985,9723.867,平段
7356.646,5006.198,平段
